"cc","meanmat","varmat","varlogmat","sdmat","meanmatlo","varmatlo","sdmatlo","meanlo","varlo","varloglo","sdlo","meanutah","meangdd","matslope","matslopese","matslopeconfint11","matslopeconfint89","matslopelog","matslopelogse","matslopelogconfint11","matslopelogconfint89"
"1950-1970",7.66128461136564,1.25151067350665,0.0230851380653409,1.11726001328394,7.26760951497562,1.07655755426747,0.995243169265924,114.926,81.6521052631579,0.00644910340369317,8.91440918534481,2038.2,77.8668057458573,-6.04284324404893,1.20403874544927,-8.06703054642685,-4.01865594167101,-0.397811435583906,0.0822564705452927,-0.536098101063326,-0.259524770104485
"1990-2010",8.80740491183481,0.889701195056813,0.0122429081853452,0.942771459975694,6.60024114279569,1.01019424002071,0.997097167924091,106.422,42.4689473684211,0.00387561169359216,6.36389031057644,2287.104,59.1916067668894,-2.2912214249179,1.48103188688571,-4.78107978801588,0.198636938180081,-0.183950175107174,0.122217310827351,-0.389417590207001,0.021517239992652
