"cc","meanmat","varmat","varlogmat","sdmat","meanmatlo","varmatlo","sdmatlo","meanlo","varlo","varloglo","sdlo","meanutah","meangdd","matslope","matslopese","matslopeconfint11","matslopeconfint89","matslopelog","matslopelogse","matslopelogconfint11","matslopelogconfint89"
"1950-1960",5.6021669057472,3.37781914360889,0.215826346462018,1.83535663062988,7.04162457379022,1.40404462148169,1.11298016450152,113.808888888889,110.511111111111,0.00890588371445818,10.2580306455699,2202.77333333333,71.7051651447139,-4.28276779055096,1.18480900500289,-6.41226715004028,-2.15326843106164,-0.16935728536598,0.0549152662470785,-0.26805844631728,-0.0706561244146805
"2000-2010",6.57836160159604,1.21436950919201,0.0297627061934798,1.09561299058331,6.80351203430958,1.39651860154603,1.13784543145438,106.335555555556,46.9572839506173,0.00425132164892558,6.57374024201919,2206.02666666667,64.6291254171545,-3.61168321926422,1.62933214280748,-6.5401398226941,-0.683226615834337,-0.220433792533134,0.101894709099577,-0.403572776830752,-0.0372948082355153
