"cc","meanmat30","varmat30","varlogmat30","sdmat30","meanmat45","varmat45","varlogmat45","sdmat45","meanmat60","varmat60","varlogmat60","sdmat60","meanmatlo","varmatlo","sdmatlo","meanlo","varlo","varloglo","sdlo","meanutah","meangdd","mat30slope","mat30slopese","mat30slopeconfint11","mat30slopeconfint89","mat30slopelog","mat30slopelogse","mat30slopelogconfint11","mat30slopelogconfint89","mat45slope","mat45slopese","mat45slopeconfint11","mat45slopeconfint89","mat45slopelog","mat45slopelogse","mat45slopelogconfint11","mat45slopelogconfint89","mat60slope","mat60slopese","mat60slopeconfint11","mat60slopeconfint89","mat60slopelog","mat60slopelogse","mat60slopelogconfint11","mat60slopelogconfint89","lomatslope","lomatslopelog","lomatslopelogse"
"1950-1960",3.21642358402131,3.56834064135888,0.40529178866625,1.88422481540088,5.23015475158861,2.61122025571533,0.157154947383358,1.61227898651209,5.6021669057472,3.37781914360889,0.215826346462018,1.83535663062988,7.04162457379022,1.40404462148169,1.11298016450152,113.808888888889,110.511111111111,0.00890588371445818,10.2580306455699,2202.77333333333,71.7051651447139,-1.07636598385333,1.85183407932121,-4.4047332305096,2.25200126280294,0.000228191358266032,0.0661578292801568,-0.120531051393878,0.12098743411041,-2.05403230232095,2.07879755853466,-5.79032908156153,1.68226447691964,-0.0923547972551589,0.0853634973941294,-0.245781646862977,0.0610720523526596,-4.28276779055096,1.18480900500289,-6.41226715004028,-2.15326843106164,-0.16935728536598,0.0549152662470785,-0.26805844631728,-0.0706561244146805,-1.85898127538492,-0.116877780891956,0.204479324214793
"2000-2010",3.35236408277492,3.54829102227341,0.396103813883621,1.87879023565843,4.91177111404589,2.37964682843345,0.143312195147217,1.53381649162966,6.57836160159604,1.21436950919201,0.0297627061934798,1.09561299058331,6.80351203430958,1.39651860154603,1.13784543145438,106.335555555556,46.9572839506173,0.00425132164892558,6.57374024201919,2206.02666666667,64.6291254171545,0.438123495990254,1.19909639948367,-1.71705510569517,2.59330209767568,0.0359558040072291,0.0484287058279091,-0.0525082720967933,0.124419880111252,0.519557154263767,1.48791140539707,-2.15471892854015,3.19383323706769,0.0227100277526103,0.0649897294879012,-0.0940983242547519,0.139518379759973,-3.61168321926422,1.62933214280748,-6.5401398226941,-0.683226615834337,-0.220433792533134,0.101894709099577,-0.403572776830752,-0.0372948082355153,1.57703036524862,0.0866883449557504,0.122516840120548
