"cc","meanmat","varmat","varlogmat","sdmat","meanmatlo","varmatlo","sdmatlo","meanlo","varlo","varloglo","sdlo","meanutah","meangdd","matslope","matslopese","matslopeconfint11","matslopeconfint89","matslopelog","matslopelogse","matslopelogconfint11","matslopelogconfint89"
"1950-1970",5.78356713205796,2.6449992353684,0.100682143234718,1.62418317865763,7.08776881690809,0.725760039273247,0.839556793843375,113.367647058824,79.8859133126935,0.00642466609859139,8.79972675699776,2037.14117647059,72.4775254611699,-4.33837575926643,0.738175156778474,-5.57936969316535,-3.0973818253675,-0.194754710630074,0.0383086074629658,-0.259157784942588,-0.13035163631756
"1970-1990",5.87716018686088,1.2733997387213,0.0386431473420774,1.12579385721158,7.16434376775817,1.12110947390047,1.04124234585832,111.535294117647,104.82786377709,0.00902356504964241,10.1506354238652,2244.38823529412,72.1510480685022,-6.10642348632719,1.55100660119943,-8.71392086123994,-3.49892611141444,-0.328737856662897,0.0867327462192811,-0.474549878295079,-0.182925835030714
"1990-2010",6.81877925935311,0.888334209353166,0.0213047195965164,0.940332911105234,6.67479396845378,1.03656594281953,1.00852974008047,105.858823529412,36.2160990712074,0.00331109357310314,5.97116440829133,2287.23529411765,60.0324649386727,-3.34873754805156,1.26854385706203,-5.48136855986866,-1.21610653623447,-0.208261231851967,0.0799065944224676,-0.342597368805656,-0.0739250948982775
