"cc","meanmat","varmat","varlogmat","sdmat","meanmatlo","varmatlo","sdmatlo","meanlo","varlo","varloglo","sdlo","meanutah","meangdd","matslope","matslopese","matslopeconfint11","matslopeconfint89","matslopelog","matslopelogse","matslopelogconfint11","matslopelogconfint89"
"1950-1960",7.73305369188708,1.53978058059817,0.0278997949052807,1.23884087572175,7.04162457379022,1.40404462148169,1.11298016450152,113.808888888889,110.511111111111,0.00890588371445818,10.2580306455699,2202.77333333333,71.7051651447139,-6.33528127253788,1.73361582870732,-9.45117065322653,-3.21939189184922,-0.425176834024936,0.120760658464736,-0.642224260037315,-0.208129408012557
"2000-2010",8.82978627606884,0.910286681880761,0.0121064494881581,0.952783307716685,6.80351203430958,1.39651860154603,1.13784543145438,106.335555555556,46.9572839506173,0.00425132164892558,6.57374024201919,2206.02666666667,64.6291254171545,-3.21604706516428,2.12469423642492,-7.03483557577869,0.602741445450128,-0.263608130302168,0.178453067461434,-0.584348174691941,0.0571319140876051
