"cc","meanmat","varmat","varlogmat","sdmat","meanmatlo","varmatlo","sdmatlo","meanlo","varlo","varloglo","sdlo","meanutah","meangdd","matslope","matslopese","matslopeconfint11","matslopeconfint89","matslopelog","matslopelogse","matslopelogconfint11","matslopelogconfint89"
"1950-1970",7.91021545618523,1.23244784070061,0.0208847896068086,1.10878188130326,7.29646188624723,1.00832486259278,0.976124239007325,113.367647058824,79.8859133126935,0.00642466609859139,8.79972675699776,2043.6,77.7651992563669,-6.05396656954455,1.18480660480033,-8.04582147809687,-4.06211166099222,-0.415758667219795,0.0844495704557477,-0.557732294608347,-0.273785039831244
"1970-1990",8.12030592463512,0.839963261356536,0.0137841719089543,0.914522126432693,7.16434376775817,1.12110947390047,1.04124234585832,111.535294117647,104.82786377709,0.00902356504964241,10.1506354238652,2244.38823529412,72.1510480685022,-6.84396631772204,2.05170532703078,-10.2932206601537,-3.3947119752904,-0.489536111710575,0.153739910694418,-0.747998205453446,-0.231074017967705
"1990-2010",9.03777025834814,0.889774571076276,0.0115526021898381,0.942679096884089,6.77162888090036,0.984676642023538,0.985041796572029,105.858823529412,36.2160990712074,0.00331109357310314,5.97116440829133,2281.44705882353,62.1710181651317,-2.11540303668848,1.39245553354628,-4.45634997114824,0.225543897771285,-0.17736797929012,0.117821517221249,-0.375445341839748,0.0207093832595072
