"cc","meanmat","varmat","varlogmat","sdmat","meanmatlo","varmatlo","sdmatlo","meanlo","varlo","varloglo","sdlo","meanutah","meangdd","matslope","matslopese","matslopeconfint11","matslopeconfint89","matslopelog","matslopelogse","matslopelogconfint11","matslopelogconfint89"
"1950-1970",7.62937557909535,1.23770458253925,0.0227883860291476,1.11124623565164,7.81083845563821,1.33697696560549,1.12761868410077,119.453448275862,63.4953720508167,0.00456634942641736,7.86219204849301,2093.08965517241,91.0811596332453,-4.65101505247932,1.21195980721894,-6.68851896341,-2.61351114154863,-0.288308537117627,0.0781782346570482,-0.419739016837007,-0.156878057398247
"1990-2010",8.8328904509953,0.901294017876853,0.0122745545473906,0.948881940958905,7.45515667429863,1.0373341842762,0.997934213777245,114.034482758621,31.8887477313975,0.00260307279188792,5.49308333187536,2331.18620689655,79.8279870591809,-2.69610851178407,1.18292580609443,-4.68480148815341,-0.70741553541473,-0.203325095398378,0.0932499817904248,-0.360093662689556,-0.046556528107199
