"cc","meanmat","varmat","varlogmat","sdmat","meanmatlo","varmatlo","sdmatlo","meanlo","varlo","varloglo","sdlo","meanutah","meangdd","matslope","matslopese","matslopeconfint11","matslopeconfint89","matslopelog","matslopelogse","matslopelogconfint11","matslopelogconfint89"
"1950-1970",7.65706164950351,1.24483769399879,0.0227507719932794,1.11437051044096,7.61377234325978,1.25669423200632,1.09021506799547,119.958333333333,63.3541666666667,0.00451031818814,7.85043144142611,2099.95,86.0158428274506,-4.52221832173464,1.22478636180981,-6.58128578203966,-2.46315086142962,-0.280143899466925,0.0788099121134216,-0.412636332957496,-0.147651465976354
"1970-1990",7.85865211148311,0.865662875838433,0.0150490600811075,0.927327273224403,7.52063222437388,1.40130010002222,1.16269110525713,120.9875,56.1925438596491,0.00411666246967329,7.25600482939374,2321.65,81.3103106701482,-2.34788541128826,1.72682374285344,-5.25096033885165,0.555189516275133,-0.15088220251694,0.114303503053768,-0.343045204225344,0.0412807991914631
"1990-2010",8.86619613334681,0.896981100999537,0.0121185909411205,0.946701106190464,7.46809123092461,1.02882107345035,0.994066323268698,114.0375,32.8219298245614,0.0026881618952038,5.55698837891094,2339.65,79.9233837306473,-2.73160042142649,1.19573651859935,-4.74183031401624,-0.721370528836745,-0.206630594863529,0.0947007893060418,-0.36583820837511,-0.0474229813519476
