"cc","meanmat30","varmat30","varlogmat30","sdmat30","meanmat45","varmat45","varlogmat45","sdmat45","meanmat60","varmat60","varlogmat60","sdmat60","meanmatlo","varmatlo","sdmatlo","meanlo","varlo","varloglo","sdlo","meanutah","meangdd","mat30slope","mat30slopese","mat30slopeconfint11","mat30slopeconfint89","mat30slopelog","mat30slopelogse","mat30slopelogconfint11","mat30slopelogconfint89","mat45slope","mat45slopese","mat45slopeconfint11","mat45slopeconfint89","mat45slopelog","mat45slopelogse","mat45slopelogconfint11","mat45slopelogconfint89","mat60slope","mat60slopese","mat60slopeconfint11","mat60slopeconfint89","mat60slopelog","mat60slopelogse","mat60slopelogconfint11","mat60slopelogconfint89","lomatslope","lomatslopelog","lomatslopelogse"
"1950-1960",3.36004250554236,3.49621626507358,0.55239768856081,1.86527863259906,5.32254042209475,2.54029279174994,0.126333098299532,1.59096007911199,5.67315069286733,3.30132347402643,0.163816929013903,1.81467995603396,7.26835338592674,1.43276289698646,1.13225150100051,119.608,68.9742222222222,0.00491678102106596,7.98468913723863,2240.976,76.8011469485884,-0.328375047831726,1.4581888088843,-2.9492296509127,2.29247955524925,0.00617078958756356,0.0486080542338698,-0.0825466011390587,0.0948881803141858,-1.0182971000616,1.67607554873906,-4.03076728928577,1.99417308916257,-0.0501694679417312,0.0653197513007004,-0.167570979889646,0.0672320440061835,-2.67506636643106,1.1311519319341,-4.70812596031294,-0.642006772549175,-0.0996683517116434,0.04770629380656,-0.18541257012635,-0.0139241332969367,-3.43333908048746,-0.223583575883617,0.141372982367369
"2000-2010",3.50934185704397,3.47317958521544,0.552412137077471,1.85882573173737,5.05561332661176,2.39376103466496,0.117158423621285,1.54007510959998,6.69569427656907,1.22905787119377,0.0286195905083195,1.10214199318806,7.72041724679006,1.09502250946006,1.01331818835386,113.048,31.2657777777778,0.00254179055443777,5.49180598980589,2226.96,86.0277751814916,-0.0279251524170781,1.02214108392619,-1.86505567247354,1.80920536763939,0.0294081781768148,0.0361197358574361,-0.036518720958483,0.0953350773121126,1.14712689411586,1.1764482711414,-0.967345421075422,3.26159920930715,0.0568650378466245,0.0489550372466112,-0.0311235915613538,0.144853667254603,-3.3715519685481,1.27670418042849,-5.66621779485416,-1.07688614224204,-0.193793396649468,0.0794161505696827,-0.33653086830705,-0.0510559249918868,0.105155726322496,-0.000962956988518995,0.134803728441292
