"cc","meanmat","varmat","varlogmat","sdmat","meanmatlo","varmatlo","sdmatlo","meanlo","varlo","varloglo","sdlo","meanutah","meangdd","matslope","matslopese","matslopeconfint11","matslopeconfint89","matslopelog","matslopelogse","matslopelogconfint11","matslopelogconfint89"
"1950-1970",5.55657330476265,2.66482308757955,0.116134828896714,1.63069799303314,7.61377234325978,1.25669423200632,1.09021506799547,119.958333333333,63.3541666666667,0.00451031818814,7.85043144142611,2099.95,86.0158428274506,-3.07655652691716,0.825821200902274,-4.46489788654436,-1.68821516728996,-0.12069560784465,0.0368339437977139,-0.18261952982277,-0.0587716858665299
"1970-1990",5.64897647892679,1.29932790489427,0.0441157595293846,1.13487073975441,7.52063222437388,1.40130010002222,1.16269110525713,120.9875,56.1925438596491,0.00411666246967329,7.25600482939374,2321.65,81.3103106701482,-2.51191412929018,1.35505828974384,-4.78999014175102,-0.233838116829348,-0.118575870891637,0.0658592708776765,-0.229296144934577,-0.00785559684869689
"1990-2010",6.69599267820175,1.22599103441663,0.0285395280176166,1.1005086523995,7.2658970150139,0.946142614550294,0.944366471695508,113.0125,31.3606481481481,0.00255169394712331,5.49629236156732,2434.05,75.9788018301963,-3.36632729864452,1.28325733700362,-5.67277134630985,-1.05988325097919,-0.193672271707456,0.0799010343402279,-0.337281242209528,-0.0500633012053833
