"cc","meanmat","varmat","varlogmat","sdmat","meanmatlo","varmatlo","sdmatlo","meanlo","varlo","varloglo","sdlo","meanutah","meangdd","matslope","matslopese","matslopeconfint11","matslopeconfint89","matslopelog","matslopelogse","matslopelogconfint11","matslopelogconfint89","lomatslopelog","lomatslopelogse"
"1950-1960",5.6224334285667,3.33481270030182,0.172182537048654,1.82348651015658,7.5418809962459,1.42973542333681,1.13313774636615,118.710638297872,71.8903073286052,0.00530363601762294,8.20429830416813,2247.75319148936,83.8065818049686,-2.84654436591607,1.12609793006532,-4.87052022250615,-0.822568509325985,-0.107089872445515,0.0475064011414091,-0.192474816664458,-0.0217049282265714,-0.16833757219805,0.153940770658485
"2000-2010",6.66132196481556,1.23119236610414,0.02912551424861,1.103167850258,7.74730936698513,1.2338038892559,1.0659097314584,113.604255319149,38.2874704491726,0.00311786525918527,6.01919517718433,2226.53617021277,86.6933584729619,-3.43271970694225,1.45607408806038,-6.04977344708159,-0.815665966802919,-0.197044224938694,0.0888168440701683,-0.356677897337078,-0.0374105525403097,0.106550128860039,0.138754503975369
