"cc","meanmat","varmat","varlogmat","sdmat","meanmatlo","varmatlo","sdmatlo","meanlo","varlo","varloglo","sdlo","meanutah","meangdd","matslope","matslopese","matslopeconfint11","matslopeconfint89","matslopelog","matslopelogse","matslopelogconfint11","matslopelogconfint89"
"1950-1970",7.73552145059438,1.52814589270502,0.0273515846093978,1.23368874105107,7.5418809962459,1.42973542333681,1.13313774636615,118.710638297872,71.8903073286052,0.00530363601762294,8.20429830416813,2247.75319148936,83.8065818049686,-4.50124333281766,1.5976389581148,-7.37273664830977,-1.62975001732554,-0.286161988393127,0.104625827406294,-0.474209708748866,-0.0981142680373875
"1990-2010",8.87978923260357,0.908834676201397,0.0118020450013832,0.951800702282358,7.74730936698513,1.2338038892559,1.0659097314584,113.604255319149,38.2874704491726,0.00311786525918527,6.01919517718433,2226.53617021277,86.6933584729619,-3.19849671801175,1.88830200192275,-6.59240905885111,0.195415622827622,-0.248516707644381,0.151623517830022,-0.521035048355138,0.0240016330663758
